-- phpMyAdmin SQL Dump
-- version 4.8.3
-- https://www.phpmyadmin.net/
--
-- Host: 127.0.0.1
-- Generation Time: Feb 06, 2019 at 01:31 PM
-- Server version: 10.1.37-MariaDB
-- PHP Version: 7.2.12

SET SQL_MODE = "NO_AUTO_VALUE_ON_ZERO";
SET AUTOCOMMIT = 0;
START TRANSACTION;
SET time_zone = "+00:00";


/*!40101 SET @OLD_CHARACTER_SET_CLIENT=@@CHARACTER_SET_CLIENT */;
/*!40101 SET @OLD_CHARACTER_SET_RESULTS=@@CHARACTER_SET_RESULTS */;
/*!40101 SET @OLD_COLLATION_CONNECTION=@@COLLATION_CONNECTION */;
/*!40101 SET NAMES utf8mb4 */;

--
-- Database: `sho8lana`
--

-- --------------------------------------------------------

--
-- Table structure for table `cats`
--

CREATE TABLE `cats` (
  `CatID` int(11) NOT NULL,
  `CatName` varchar(50) CHARACTER SET utf8 NOT NULL,
  `CatMain` int(11) DEFAULT NULL
) ENGINE=InnoDB DEFAULT CHARSET=latin1;

--
-- Dumping data for table `cats`
--

INSERT INTO `cats` (`CatID`, `CatName`, `CatMain`) VALUES
(1, 'برمجة وتطوير', NULL),
(2, 'تسويق الكتروني', NULL),
(3, 'تصميم', NULL),
(4, 'كتابة وترجمة', NULL),
(5, 'برمجة CSS و HTML', 1),
(6, 'برمجة Java و .NET', 1),
(7, 'برمجة PHP', 1),
(8, 'برمجة تطبيقات جوال', 1),
(9, 'إعلانات المواقع', 2),
(10, 'التسويق على انستغرام', 2),
(11, 'مقالات ترويجية ونشر', 2),
(12, 'خدمات SEO', 2),
(13, 'تصميم بانرات إعلانية', 3),
(14, 'تصميم بطاقات أعمال', 3),
(15, 'تصميم شعارات', 3),
(16, 'خدمات تعديل الصور', 3),
(17, 'خدمات تدقيق لغوي', 4),
(18, 'خدمات ترجمة', 4),
(19, 'كتابة السيرة الذاتية', 4),
(20, 'كتابة مقالات ومراجعات', 4);

-- --------------------------------------------------------

--
-- Table structure for table `offers`
--

CREATE TABLE `offers` (
  `OffersID` varchar(11) CHARACTER SET utf8 NOT NULL,
  `OffersDed` varchar(1500) CHARACTER SET utf8 NOT NULL,
  `OffersTime` date NOT NULL,
  `PriceOffers` int(11) NOT NULL,
  `OffersService` varchar(11) CHARACTER SET utf8 NOT NULL,
  `OffersUser` varchar(11) CHARACTER SET utf8 NOT NULL,
  `OffersNeedTime` int(11) NOT NULL
) ENGINE=InnoDB DEFAULT CHARSET=latin1;

--
-- Dumping data for table `offers`
--

INSERT INTO `offers` (`OffersID`, `OffersDed`, `OffersTime`, `PriceOffers`, `OffersService`, `OffersUser`, `OffersNeedTime`) VALUES
('1', 'هذا النص هو مثال لنص يمكن أن يستبدل في نفس المساحة، لقد تم توليد هذا النص من مولد النص العربى، حيث يمكنك أن تولد مثل هذا النص أو العديد من النصوص الأخرى إضافة إلى زيادة عدد الحروف التى يولدها التطبيق.\r\nإذا كنت تحتاج إلى عدد أكبر من الفقرات يتيح لك مولد النص العربى زيادة عدد الفقرات كما تريد، النص لن يبدو مقسما ولا يحوي أخطاء لغوية، مولد النص العربى مفيد لمصممي المواقع على وجه الخصوص، حيث يحتاج العميل فى كثير من الأحيان أن يطلع على صورة حقيقية لتصميم الموقع.\r\nومن هنا وجب على المصمم أن يضع نصوصا مؤقتة على التصميم ليظهر للعميل الشكل كاملاً،دور مولد النص العربى أن يوفر على المصمم عناء البحث عن نص بديل لا علاقة له بالموضوع الذى يتحدث عنه التصميم فيظهر بشكل لا يليق.\r\nهذا النص يمكن أن يتم تركيبه على أي تصميم دون مشكلة فلن يبدو وكأنه نص منسوخ، غير منظم، غير منسق، أو حتى غير مفهوم. لأنه مازال نصاً بديلاً ومؤقتاً.', '2019-02-03', 200, '9m79zltromS', '5xuXLbSZ40', 1),
('888', 'هذا النص هو مثال لنص يمكن أن يستبدل في نفس المساحة، لقد تم توليد هذا النص من مولد النص العربى، حيث يمكنك أن تولد مثل هذا النص أو العديد من النصوص الأخرى إضافة إلى زيادة عدد الحروف التى يولدها التطبيق. إذا كنت تحتاج إلى عدد أكبر من الفقرات يتيح لك مولد النص العربى زيادة عدد الفقرات كما تريد، النص لن يبدو مقسما ولا يحوي أخطاء لغوية، مولد النص العربى مفيد لمصممي المواقع على وجه الخصوص، حيث يحتاج العميل فى كثير من الأحيان أن يطلع على صورة حقيقية لتصميم الموقع. ومن هنا وجب على المصمم أن يضع نصوصا مؤقتة على التصميم ليظهر للعميل الشكل كاملاً،دور مولد النص العربى أن يوفر على المصمم عناء البحث عن نص بديل لا علاقة له بالموضوع الذى يتحدث عنه التصميم فيظهر بشكل لا يليق. هذا النص يمكن أن يتم تركيبه على أي تصميم دون مشكلة فلن يبدو وكأنه نص منسوخ، غير منظم، غير منسق، أو حتى غير مفهوم. لأنه مازال نصاً بديلاً ومؤقتاً.', '2019-02-06', 300, '0Q6yO48vVVG', '5xuXLbSZ40', 2),
('999', 'هذا النص هو مثال لنص يمكن أن يستبدل في نفس المساحة، لقد تم توليد هذا النص من مولد النص العربى، حيث يمكنك أن تولد مثل هذا النص أو العديد من النصوص الأخرى إضافة إلى زيادة عدد الحروف التى يولدها التطبيق. إذا كنت تحتاج إلى عدد أكبر من الفقرات يتيح لك مولد النص العربى زيادة عدد الفقرات كما تريد، النص لن يبدو مقسما ولا يحوي أخطاء لغوية، مولد النص العربى مفيد لمصممي المواقع على وجه الخصوص، حيث يحتاج العميل فى كثير من الأحيان أن يطلع على صورة حقيقية لتصميم الموقع. ومن هنا وجب على المصمم أن يضع نصوصا مؤقتة على التصميم ليظهر للعميل الشكل كاملاً،دور مولد النص العربى أن يوفر على المصمم عناء البحث عن نص بديل لا علاقة له بالموضوع الذى يتحدث عنه التصميم فيظهر بشكل لا يليق. هذا النص يمكن أن يتم تركيبه على أي تصميم دون مشكلة فلن يبدو وكأنه نص منسوخ، غير منظم، غير منسق، أو حتى غير مفهوم. لأنه مازال نصاً بديلاً ومؤقتاً.', '2019-02-03', 200, '0Q6yO48vVVG', 'q7C0LE7YxE', 1),
('lZvU58YYoOn', 'هذا النص هو مثال لنص يمكن أن يستبدل في نفس المساحة، لقد تم توليد هذا النص من مولد النص العربى، حيث يمكنك أن تولد مثل هذا النص أو العديد من النصوص الأخرى إضافة إلى زيادة عدد الحروف التى يولدها التطبيق. إذا كنت تحتاج إلى عدد أكبر من الفقرات يتيح لك مولد النص العربى زيادة عدد الفقرات كما تريد، النص لن يبدو مقسما ولا يحوي أخطاء لغوية، مولد النص العربى مفيد لمصممي المواقع على وجه الخصوص، حيث يحتاج العميل فى كثير من الأحيان أن يطلع على صورة حقيقية لتصميم الموقع. ومن هنا وجب على المصمم أن يضع نصوصا مؤقتة على التصميم ليظهر للعميل الشكل كاملاً،دور مولد النص العربى أن يوفر على المصمم عناء البحث عن نص بديل لا علاقة له بالموضوع الذى يتحدث عنه التصميم فيظهر بشكل لا يليق. هذا النص يمكن أن يتم تركيبه على أي تصميم دون مشكلة فلن يبدو وكأنه نص منسوخ، غير منظم، غير منسق، أو حتى غير مفهوم. لأنه مازال نصاً بديلاً ومؤقتاً.\r\n\r\n', '2019-02-06', 12, 'Aqee8zqXxVJ', '123', 1);

-- --------------------------------------------------------

--
-- Table structure for table `services`
--

CREATE TABLE `services` (
  `id_services` varchar(11) NOT NULL,
  `service_title` varchar(100) DEFAULT NULL,
  `service_des` text,
  `service_time` date DEFAULT NULL,
  `service_needTime` varchar(11) DEFAULT NULL,
  `service_money` int(11) DEFAULT NULL,
  `user_id` varchar(11) DEFAULT NULL,
  `offer_id` int(11) DEFAULT NULL,
  `sections_services` int(11) DEFAULT NULL,
  `services_stat` int(2) NOT NULL DEFAULT '0'
) ENGINE=InnoDB DEFAULT CHARSET=utf8;

--
-- Dumping data for table `services`
--

INSERT INTO `services` (`id_services`, `service_title`, `service_des`, `service_time`, `service_needTime`, `service_money`, `user_id`, `offer_id`, `sections_services`, `services_stat`) VALUES
('0Q6yO48vVVG', 'كتابة مقالات في مجال كمال الأجسام والتغذية والمكملات الغذائية والتمارين الرياضية', 'تم اضافه الخدمه المطلوبه و سيتم تحويلك لصفحه الخدمات بعد 1 ثانيه\r\nتم اضافه الخدمه المطلوبه و سيتم تحويلك لصفحه الخدمات بعد 1 ثانيه', '2019-02-05', '2', 12, '123', NULL, 7, 0),
('6l1z04wbmlF', 'كتابة مقالات في مجال كمال الأجسام والتغذية والمكملات الغذائية والتمارين الرياضية', 'كتابة مقالات في مجال كمال الأجسام والتغذية والمكملات الغذائية والتمارين الرياضيةكتابة مقالات في مجال كمال الأجسام والتغذية والمكملات الغذائية والتمارين الرياضيةكتابة مقالات في مجال كمال الأجسام والتغذية والمكملات الغذائية والتمارين الرياضيةكتابة مقالات في مجال كمال الأجسام والتغذية والمكملات الغذائية والتمارين الرياضية', '2019-02-05', '5', 13, '123', NULL, 7, 0),
('9m79zltromS', 'كتابة مقالات في مجال كمال الأجسام والتغذية والمكملات الغذائية والتمارين الرياضية', 'كتابة مقالات في مجال كمال الأجسام والتغذية والمكملات الغذائية والتمارين الرياضية\r\nكتابة مقالات في مجال كمال الأجسام والتغذية والمكملات الغذائية والتمارين الرياضية\r\nكتابة مقالات في مجال كمال الأجسام والتغذية والمكملات الغذائية والتمارين الرياضية', '2019-02-01', '3', 1200, 'q7C0LE7YxE', NULL, 8, 0),
('Aqee8zqXxVJ', 'تجربه5', 'هذا النص هو مثال لنص يمكن أن يستبدل في نفس المساحة، لقد تم توليد هذا النص من مولد النص العربى، حيث يمكنك أن تولد مثل هذا النص أو العديد من النصوص الأخرى إضافة إلى زيادة عدد الحروف التى يولدها التطبيق.\r\nإذا كنت تحتاج إلى عدد أكبر من الفقرات يتيح لك مولد النص العربى زيادة عدد الفقرات كما تريد، النص لن يبدو مقسما ولا يحوي أخطاء لغوية، مولد النص العربى مفيد لمصممي المواقع على وجه الخصوص، حيث يحتاج العميل فى كثير من الأحيان أن يطلع على صورة حقيقية لتصميم الموقع.\r\nومن هنا وجب على المصمم أن يضع نصوصا مؤقتة على التصميم ليظهر للعميل الشكل كاملاً،دور مولد النص العربى أن يوفر على المصمم عناء البحث عن نص بديل لا علاقة له بالموضوع الذى يتحدث عنه التصميم فيظهر بشكل لا يليق.\r\nهذا النص يمكن أن يتم تركيبه على أي تصميم دون مشكلة فلن يبدو وكأنه نص منسوخ، غير منظم، غير منسق، أو حتى غير مفهوم. لأنه مازال نصاً بديلاً ومؤقتاً.', '2019-02-03', '3', 17, '5xuXLbSZ40', NULL, 10, 0),
('BEKQUWhZVNs', 'كتابة مقالات في مجال كمال الأجسام والتغذية والمكملات الغذائية والتمارين الرياضية', 'كتابة مقالات في مجال كمال الأجسام والتغذية والمكملات الغذائية والتمارين الرياضيةكتابة مقالات في مجال كمال الأجسام والتغذية والمكملات الغذائية والتمارين الرياضيةكتابة مقالات في مجال كمال الأجسام والتغذية والمكملات الغذائية والتمارين الرياضيةكتابة مقالات في مجال كمال الأجسام والتغذية والمكملات الغذائية والتمارين الرياضية', '2019-02-05', '2', 200, '123', NULL, 14, 0),
('DfzBwq6G8Fl', 'تجربه3', 'هذا النص هو مثال لنص يمكن أن يستبدل في نفس المساحة، لقد تم توليد هذا النص من مولد النص العربى، حيث يمكنك أن تولد مثل هذا النص أو العديد من النصوص الأخرى إضافة إلى زيادة عدد الحروف التى يولدها التطبيق.\r\nإذا كنت تحتاج إلى عدد أكبر من الفقرات يتيح لك مولد النص العربى زيادة عدد الفقرات كما تريد، النص لن يبدو مقسما ولا يحوي أخطاء لغوية، مولد النص العربى مفيد لمصممي المواقع على وجه الخصوص، حيث يحتاج العميل فى كثير من الأحيان أن يطلع على صورة حقيقية لتصميم الموقع.\r\nومن هنا وجب على المصمم أن يضع نصوصا مؤقتة على التصميم ليظهر للعميل الشكل كاملاً،دور مولد النص العربى أن يوفر على المصمم عناء البحث عن نص بديل لا علاقة له بالموضوع الذى يتحدث عنه التصميم فيظهر بشكل لا يليق.\r\nهذا النص يمكن أن يتم تركيبه على أي تصميم دون مشكلة فلن يبدو وكأنه نص منسوخ، غير منظم، غير منسق، أو حتى غير مفهوم. لأنه مازال نصاً بديلاً ومؤقتاً.', '2019-02-03', '3', 17, '5xuXLbSZ40', NULL, 6, 0),
('DLiyG7bJZpQ', 'هذا النص هو مثال', 'هذا النص هو مثال لنص يمكن أن يستبدل في نفس المساحة، لقد تم توليد هذا النص من مولد النص العربى، حيث يمكنك أن تولد مثل هذا النص أو العديد من النصوص الأخرى إضافة إلى زيادة عدد الحروف التى يولدها التطبيق.\r\nإذا كنت تحتاج إلى عدد أكبر من الفقرات يتيح لك مولد النص العربى زيادة عدد الفقرات كما تريد، النص لن يبدو مقسما ولا يحوي أخطاء لغوية، مولد النص العربى مفيد لمصممي المواقع على وجه الخصوص، حيث يحتاج العميل فى كثير من الأحيان أن يطلع على صورة حقيقية لتصميم الموقع.\r\nومن هنا وجب على المصمم أن يضع نصوصا مؤقتة على التصميم ليظهر للعميل الشكل كاملاً،دور مولد النص العربى أن يوفر على المصمم عناء البحث عن نص بديل لا علاقة له بالموضوع الذى يتحدث عنه التصميم فيظهر بشكل لا يليق.\r\nهذا النص يمكن أن يتم تركيبه على أي تصميم دون مشكلة فلن يبدو وكأنه نص منسوخ، غير منظم، غير منسق، أو حتى غير مفهوم. لأنه مازال نصاً بديلاً ومؤقتاً.', '2019-02-03', '5', 241, 'q7C0LE7YxE', NULL, 5, 0),
('ESEnhktFpej', 'تجربه5سي', 'هذا النص هو مثال لنص يمكن أن يستبدل في نفس المساحة، لقد تم توليد هذا النص من مولد النص العربى، حيث يمكنك أن تولد مثل هذا النص أو العديد من النصوص الأخرى إضافة إلى زيادة عدد الحروف التى يولدها التطبيق.\r\nإذا كنت تحتاج إلى عدد أكبر من الفقرات يتيح لك مولد النص العربى زيادة عدد الفقرات كما تريد، النص لن يبدو مقسما ولا يحوي أخطاء لغوية، مولد النص العربى مفيد لمصممي المواقع على وجه الخصوص، حيث يحتاج العميل فى كثير من الأحيان أن يطلع على صورة حقيقية لتصميم الموقع.\r\nومن هنا وجب على المصمم أن يضع نصوصا مؤقتة على التصميم ليظهر للعميل الشكل كاملاً،دور مولد النص العربى أن يوفر على المصمم عناء البحث عن نص بديل لا علاقة له بالموضوع الذى يتحدث عنه التصميم فيظهر بشكل لا يليق.\r\nهذا النص يمكن أن يتم تركيبه على أي تصميم دون مشكلة فلن يبدو وكأنه نص منسوخ، غير منظم، غير منسق، أو حتى غير مفهوم. لأنه مازال نصاً بديلاً ومؤقتاً.', '2019-02-03', '1', 241, 'q7C0LE7YxE', NULL, 16, 0),
('foOle4xY3kj', 'تجربه', 'هذا النص هو مثال لنص يمكن أن يستبدل في نفس المساحة، لقد تم توليد هذا النص من مولد النص العربى، حيث يمكنك أن تولد مثل هذا النص أو العديد من النصوص الأخرى إضافة إلى زيادة عدد الحروف التى يولدها التطبيق.\r\nإذا كنت تحتاج إلى عدد أكبر من الفقرات يتيح لك مولد النص العربى زيادة عدد الفقرات كما تريد، النص لن يبدو مقسما ولا يحوي أخطاء لغوية، مولد النص العربى مفيد لمصممي المواقع على وجه الخصوص، حيث يحتاج العميل فى كثير من الأحيان أن يطلع على صورة حقيقية لتصميم الموقع.\r\nومن هنا وجب على المصمم أن يضع نصوصا مؤقتة على التصميم ليظهر للعميل الشكل كاملاً،دور مولد النص العربى أن يوفر على المصمم عناء البحث عن نص بديل لا علاقة له بالموضوع الذى يتحدث عنه التصميم فيظهر بشكل لا يليق.\r\nهذا النص يمكن أن يتم تركيبه على أي تصميم دون مشكلة فلن يبدو وكأنه نص منسوخ، غير منظم، غير منسق، أو حتى غير مفهوم. لأنه مازال نصاً بديلاً ومؤقتاً.', '2019-02-03', '3', 17, '123', NULL, 6, 0),
('fxd4kJx7LJV', 'تجربه5س', 'هذا النص هو مثال لنص يمكن أن يستبدل في نفس المساحة، لقد تم توليد هذا النص من مولد النص العربى، حيث يمكنك أن تولد مثل هذا النص أو العديد من النصوص الأخرى إضافة إلى زيادة عدد الحروف التى يولدها التطبيق.\r\nإذا كنت تحتاج إلى عدد أكبر من الفقرات يتيح لك مولد النص العربى زيادة عدد الفقرات كما تريد، النص لن يبدو مقسما ولا يحوي أخطاء لغوية، مولد النص العربى مفيد لمصممي المواقع على وجه الخصوص، حيث يحتاج العميل فى كثير من الأحيان أن يطلع على صورة حقيقية لتصميم الموقع.\r\nومن هنا وجب على المصمم أن يضع نصوصا مؤقتة على التصميم ليظهر للعميل الشكل كاملاً،دور مولد النص العربى أن يوفر على المصمم عناء البحث عن نص بديل لا علاقة له بالموضوع الذى يتحدث عنه التصميم فيظهر بشكل لا يليق.\r\nهذا النص يمكن أن يتم تركيبه على أي تصميم دون مشكلة فلن يبدو وكأنه نص منسوخ، غير منظم، غير منسق، أو حتى غير مفهوم. لأنه مازال نصاً بديلاً ومؤقتاً.', '2019-02-03', '1', 241, '123', NULL, 8, 0),
('Ixabjvwqo6a', 'تجربه5سي5646يسش', 'هذا النص هو مثال لنص يمكن أن يستبدل في نفس المساحة، لقد تم توليد هذا النص من مولد النص العربى، حيث يمكنك أن تولد مثل هذا النص أو العديد من النصوص الأخرى إضافة إلى زيادة عدد الحروف التى يولدها التطبيق.\r\nإذا كنت تحتاج إلى عدد أكبر من الفقرات يتيح لك مولد النص العربى زيادة عدد الفقرات كما تريد، النص لن يبدو مقسما ولا يحوي أخطاء لغوية، مولد النص العربى مفيد لمصممي المواقع على وجه الخصوص، حيث يحتاج العميل فى كثير من الأحيان أن يطلع على صورة حقيقية لتصميم الموقع.\r\nومن هنا وجب على المصمم أن يضع نصوصا مؤقتة على التصميم ليظهر للعميل الشكل كاملاً،دور مولد النص العربى أن يوفر على المصمم عناء البحث عن نص بديل لا علاقة له بالموضوع الذى يتحدث عنه التصميم فيظهر بشكل لا يليق.\r\nهذا النص يمكن أن يتم تركيبه على أي تصميم دون مشكلة فلن يبدو وكأنه نص منسوخ، غير منظم، غير منسق، أو حتى غير مفهوم. لأنه مازال نصاً بديلاً ومؤقتاً.', '2019-02-03', '1', 241, '123', NULL, 10, 0),
('MEJj8Eijtso', 'كتابة مقالات في مجال كمال الأجسام والتغذية والمكملات الغذائية والتمارين الرياضية', 'كتابة مقالات في مجال كمال الأجسام والتغذية والمكملات الغذائية والتمارين الرياضية\r\nكتابة مقالات في مجال كمال الأجسام والتغذية والمكملات الغذائية والتمارين الرياضية\r\nكتابة مقالات في مجال كمال الأجسام والتغذية والمكملات الغذائية والتمارين الرياضية', '2019-02-05', '2', 1545, '123', NULL, 18, 0),
('nLb0qX5JWt5', 'هذا النص هو مثال', 'هذا النص هو مثال لنص يمكن أن يستبدل في نفس المساحة، لقد تم توليد هذا النص من مولد النص العربى، حيث يمكنك أن تولد مثل هذا النص أو العديد من النصوص الأخرى إضافة إلى زيادة عدد الحروف التى يولدها التطبيق.\r\nإذا كنت تحتاج إلى عدد أكبر من الفقرات يتيح لك مولد النص العربى زيادة عدد الفقرات كما تريد، النص لن يبدو مقسما ولا يحوي أخطاء لغوية، مولد النص العربى مفيد لمصممي المواقع على وجه الخصوص، حيث يحتاج العميل فى كثير من الأحيان أن يطلع على صورة حقيقية لتصميم الموقع.\r\nومن هنا وجب على المصمم أن يضع نصوصا مؤقتة على التصميم ليظهر للعميل الشكل كاملاً،دور مولد النص العربى أن يوفر على المصمم عناء البحث عن نص بديل لا علاقة له بالموضوع الذى يتحدث عنه التصميم فيظهر بشكل لا يليق.\r\nهذا النص يمكن أن يتم تركيبه على أي تصميم دون مشكلة فلن يبدو وكأنه نص منسوخ، غير منظم، غير منسق، أو حتى غير مفهوم. لأنه مازال نصاً بديلاً ومؤقتاً.', '2019-02-03', '5', 241, '123', NULL, 5, 0),
('RyaXimSnZV4', 'تجربه5سيهخعغتجربه5سيهخعغ', 'هذا النص هو مثال لنص يمكن أن يستبدل في نفس المساحة، لقد تم توليد هذا النص من مولد النص العربى، حيث يمكنك أن تولد مثل هذا النص أو العديد من النصوص الأخرى إضافة إلى زيادة عدد الحروف التى يولدها التطبيق.\r\nإذا كنت تحتاج إلى عدد أكبر من الفقرات يتيح لك مولد النص العربى زيادة عدد الفقرات كما تريد، النص لن يبدو مقسما ولا يحوي أخطاء لغوية، مولد النص العربى مفيد لمصممي المواقع على وجه الخصوص، حيث يحتاج العميل فى كثير من الأحيان أن يطلع على صورة حقيقية لتصميم الموقع.\r\nومن هنا وجب على المصمم أن يضع نصوصا مؤقتة على التصميم ليظهر للعميل الشكل كاملاً،دور مولد النص العربى أن يوفر على المصمم عناء البحث عن نص بديل لا علاقة له بالموضوع الذى يتحدث عنه التصميم فيظهر بشكل لا يليق.\r\nهذا النص يمكن أن يتم تركيبه على أي تصميم دون مشكلة فلن يبدو وكأنه نص منسوخ، غير منظم، غير منسق، أو حتى غير مفهوم. لأنه مازال نصاً بديلاً ومؤقتاً.', '2019-02-03', '5', 241, '123', NULL, 11, 0),
('vhe1LcCTv8E', 'تجربه5سي5646', 'هذا النص هو مثال لنص يمكن أن يستبدل في نفس المساحة، لقد تم توليد هذا النص من مولد النص العربى، حيث يمكنك أن تولد مثل هذا النص أو العديد من النصوص الأخرى إضافة إلى زيادة عدد الحروف التى يولدها التطبيق.\r\nإذا كنت تحتاج إلى عدد أكبر من الفقرات يتيح لك مولد النص العربى زيادة عدد الفقرات كما تريد، النص لن يبدو مقسما ولا يحوي أخطاء لغوية، مولد النص العربى مفيد لمصممي المواقع على وجه الخصوص، حيث يحتاج العميل فى كثير من الأحيان أن يطلع على صورة حقيقية لتصميم الموقع.\r\nومن هنا وجب على المصمم أن يضع نصوصا مؤقتة على التصميم ليظهر للعميل الشكل كاملاً،دور مولد النص العربى أن يوفر على المصمم عناء البحث عن نص بديل لا علاقة له بالموضوع الذى يتحدث عنه التصميم فيظهر بشكل لا يليق.\r\nهذا النص يمكن أن يتم تركيبه على أي تصميم دون مشكلة فلن يبدو وكأنه نص منسوخ، غير منظم، غير منسق، أو حتى غير مفهوم. لأنه مازال نصاً بديلاً ومؤقتاً.', '2019-02-03', '1', 241, '123', NULL, 19, 0),
('WaAT1KfiLJl', 'هذا النص هو مثال', 'هذا النص هو مثال لنص يمكن أن يستبدل في نفس المساحة، لقد تم توليد هذا النص من مولد النص العربى، حيث يمكنك أن تولد مثل هذا النص أو العديد من النصوص الأخرى إضافة إلى زيادة عدد الحروف التى يولدها التطبيق.\r\nإذا كنت تحتاج إلى عدد أكبر من الفقرات يتيح لك مولد النص العربى زيادة عدد الفقرات كما تريد، النص لن يبدو مقسما ولا يحوي أخطاء لغوية، مولد النص العربى مفيد لمصممي المواقع على وجه الخصوص، حيث يحتاج العميل فى كثير من الأحيان أن يطلع على صورة حقيقية لتصميم الموقع.\r\nومن هنا وجب على المصمم أن يضع نصوصا مؤقتة على التصميم ليظهر للعميل الشكل كاملاً،دور مولد النص العربى أن يوفر على المصمم عناء البحث عن نص بديل لا علاقة له بالموضوع الذى يتحدث عنه التصميم فيظهر بشكل لا يليق.\r\nهذا النص يمكن أن يتم تركيبه على أي تصميم دون مشكلة فلن يبدو وكأنه نص منسوخ، غير منظم، غير منسق، أو حتى غير مفهوم. لأنه مازال نصاً بديلاً ومؤقتاً.', '2019-02-03', '5', 241, '123', NULL, 5, 0),
('WZPLWO3VVTG', 'هذا النص هو مثال', 'هذا النص هو مثال لنص يمكن أن يستبدل في نفس المساحة، لقد تم توليد هذا النص من مولد النص العربى، حيث يمكنك أن تولد مثل هذا النص أو العديد من النصوص الأخرى إضافة إلى زيادة عدد الحروف التى يولدها التطبيق.\r\nإذا كنت تحتاج إلى عدد أكبر من الفقرات يتيح لك مولد النص العربى زيادة عدد الفقرات كما تريد، النص لن يبدو مقسما ولا يحوي أخطاء لغوية، مولد النص العربى مفيد لمصممي المواقع على وجه الخصوص، حيث يحتاج العميل فى كثير من الأحيان أن يطلع على صورة حقيقية لتصميم الموقع.\r\nومن هنا وجب على المصمم أن يضع نصوصا مؤقتة على التصميم ليظهر للعميل الشكل كاملاً،دور مولد النص العربى أن يوفر على المصمم عناء البحث عن نص بديل لا علاقة له بالموضوع الذى يتحدث عنه التصميم فيظهر بشكل لا يليق.\r\nهذا النص يمكن أن يتم تركيبه على أي تصميم دون مشكلة فلن يبدو وكأنه نص منسوخ، غير منظم، غير منسق، أو حتى غير مفهوم. لأنه مازال نصاً بديلاً ومؤقتاً.', '2019-02-03', '5', 241, '5xuXLbSZ40', NULL, 5, 0);

-- --------------------------------------------------------

--
-- Table structure for table `users`
--

CREATE TABLE `users` (
  `User_id` varchar(11) NOT NULL,
  `User_name` varchar(50) NOT NULL,
  `User_E-mail` varchar(50) NOT NULL,
  `User_passowrd` varchar(50) NOT NULL,
  `User_phone` varchar(11) DEFAULT NULL,
  `User_paypal` varchar(100) DEFAULT NULL,
  `User_Site` varchar(255) DEFAULT NULL,
  `User_Des` text,
  `User_Img` varchar(255) NOT NULL DEFAULT '0.jpg'
) ENGINE=InnoDB DEFAULT CHARSET=utf8;

--
-- Dumping data for table `users`
--

INSERT INTO `users` (`User_id`, `User_name`, `User_E-mail`, `User_passowrd`, `User_phone`, `User_paypal`, `User_Site`, `User_Des`, `User_Img`) VALUES
('123', 'Power Mostafa', 'p@p.p', '123', NULL, NULL, '0', 'اي كلام', '0.jpg'),
('5xuXLbSZ40', 'محمد مصطفي', 'powerismynickname2016@gmail.com', 'powerismynickname2016@gmail.com', NULL, 'power@power.power', 'http://powerware.site/', 'انا مبرمج محترف اعمل في مجال برمجه الويب منذ 7 سنين ... \r\nلدي خبره كبيره في WordPress و Joomla .\r\nعملت كا مستشار في شركه Powerware.site لاكثر من 3 سنين .', '1WIiRuBnra_1.jpg'),
('q7C0LE7YxE', 'Mostafa', 'Mostafa@Mostafa.com', 'Mostafa@Mostafa.com', NULL, NULL, NULL, ' اضف وصف لنفسك', 'UZDRNWK9PE_50221118_745051039192163_3259590001083547648_n.jpg');

--
-- Indexes for dumped tables
--

--
-- Indexes for table `cats`
--
ALTER TABLE `cats`
  ADD PRIMARY KEY (`CatID`),
  ADD KEY `CatMain` (`CatMain`);

--
-- Indexes for table `offers`
--
ALTER TABLE `offers`
  ADD PRIMARY KEY (`OffersID`),
  ADD KEY `OffersService` (`OffersService`),
  ADD KEY `OffersUser` (`OffersUser`);

--
-- Indexes for table `services`
--
ALTER TABLE `services`
  ADD PRIMARY KEY (`id_services`),
  ADD KEY `user_id` (`user_id`),
  ADD KEY `sections_services` (`sections_services`);

--
-- Indexes for table `users`
--
ALTER TABLE `users`
  ADD PRIMARY KEY (`User_id`),
  ADD UNIQUE KEY `User_name` (`User_name`,`User_E-mail`),
  ADD UNIQUE KEY `User_phone` (`User_phone`);

--
-- AUTO_INCREMENT for dumped tables
--

--
-- AUTO_INCREMENT for table `cats`
--
ALTER TABLE `cats`
  MODIFY `CatID` int(11) NOT NULL AUTO_INCREMENT, AUTO_INCREMENT=21;

--
-- Constraints for dumped tables
--

--
-- Constraints for table `cats`
--
ALTER TABLE `cats`
  ADD CONSTRAINT `cats_ibfk_1` FOREIGN KEY (`CatMain`) REFERENCES `cats` (`CatID`);

--
-- Constraints for table `offers`
--
ALTER TABLE `offers`
  ADD CONSTRAINT `offers_ibfk_1` FOREIGN KEY (`OffersService`) REFERENCES `services` (`id_services`),
  ADD CONSTRAINT `offers_ibfk_2` FOREIGN KEY (`OffersUser`) REFERENCES `users` (`User_id`);

--
-- Constraints for table `services`
--
ALTER TABLE `services`
  ADD CONSTRAINT `services_ibfk_1` FOREIGN KEY (`user_id`) REFERENCES `users` (`User_id`),
  ADD CONSTRAINT `services_ibfk_2` FOREIGN KEY (`sections_services`) REFERENCES `cats` (`CatID`);
COMMIT;

/*!40101 SET CHARACTER_SET_CLIENT=@OLD_CHARACTER_SET_CLIENT */;
/*!40101 SET CHARACTER_SET_RESULTS=@OLD_CHARACTER_SET_RESULTS */;
/*!40101 SET COLLATION_CONNECTION=@OLD_COLLATION_CONNECTION */;
